{
  "Items": [
    {
      "id": 2,
      "name": "Playstation 4",
      "description": "Gaming console made by Sony",
      "stock": 50,
      "price": 400
    },
    {
      "id": 3,
      "name": "Instant Pot",
      "description": "7 kinds of cookers into 1",
      "stock": 40,
      "price": 60
    },
    {
      "id": 4,
      "name": "Nike Athletic Shirt",
      "description": "Shirt made by Nike",
      "stock": 100,
      "price": 25
    },
    {
      "name": "T-shirt",
      "description": "New t-shirt model 2019",
      "stock": "10",
      "price": "30",
      "id": 5
    },
    {
      "name": "T-shirt",
      "description": "New t-shirt model 2019",
      "stock": "10",
      "price": "30",
      "id": 6
    },
    {
      "name": "new test",
      "description": "new test",
      "stock": "10",
      "price": "100",
      "id": 7
    },
    {
      "name": "Iphone xs",
      "description": "Latest iphone",
      "stock": "50",
      "price": "1000",
      "id": 8
    }
  ]
}